2723,train,A,100,1
1702,train,A,145,1
3261,train,A,797,1
6747,train,A,25,1
1204,train,A,128,1
4008,train,A,797,1
6801,train,A,25,1
263,train,A,145,1
121,train,A,145,1
3083,train,A,177,1
3491,train,A,797,1
3092,train,A,145,1
2864,train,A,345,1
5825,train,A,51,1
7070,train,A,163,1
1258,train,D,111,1
6962,train,A,44,1
4126,train,A,78,1
2237,train,B,234,1
4228,train,A,302,1
809,train,A,107,1
2952,train,A,797,1
4658,train,B,163,1
7385,train,A,273,1
133,train,A,145,1
3888,train,C,486,1
5294,train,A,25,1
5456,train,A,100,1
6771,train,A,139,1
4050,train,A,627,1
4565,train,A,12,1
6974,train,A,44,1
6014,train,A,186,1
3778,train,A,147,1
4275,train,A,211,1
2970,train,A,197,1
3801,train,A,139,1
434,train,A,145,1
5405,train,A,145,1
1534,train,A,145,1
3827,train,C,414,0
306,train,A,101,0
6770,train,A,204,0
1792,train,A,117,0
365,train,A,117,0
4978,train,A,249,0
3597,train,A,98,0
4581,train,B,775,0
1052,train,A,22,0
1398,train,D,939,0
1097,train,A,300,0
3017,train,A,209,0
168,train,A,300,0
1572,train,A,22,0
4484,train,B,267,0
7430,train,A,71,0
7377,train,A,232,0
7261,train,A,47,0
654,train,A,83,0
4998,train,A,463,0
3499,train,A,781,0
5260,train,A,497,0
1090,train,A,44,0
243,train,A,38,0
450,train,A,44,0
7085,train,A,264,0
5015,train,C,890,0
7112,train,A,56,0
2587,train,A,506,0
4948,train,A,16,0
7169,train,B,2065,0
4583,train,B,818,0
4992,train,A,477,0
4934,train,A,300,0
6667,train,A,223,0
1671,train,A,85,0
2342,train,A,599,0
6380,train,A,38,0
5578,train,A,178,0
1954,train,A,117,0
5943,train,A,487,0
5159,train,A,285,0
5591,train,A,56,0
5550,train,A,487,0
3228,train,A,155,0
367,train,A,160,0
4012,train,A,939,0
7399,train,D,14,0
4194,train,A,169,0
7248,train,A,62,0
344,train,A,85,0
6658,train,A,324,0
5840,train,A,119,0
5817,train,A,44,0
2325,train,A,107,0
277,train,A,22,0
280,train,A,85,0
1054,train,A,44,0
206,train,A,22,0
7135,train,A,58,0
3812,train,A,77,0
991,train,A,156,0
641,train,A,16,0
394,train,A,44,0
4440,train,A,596,0
1956,train,A,156,0
7273,train,A,168,0
4792,train,A,775,0
6785,train,A,155,0
411,train,A,114,0
6050,train,A,116,0
6689,train,A,156,0
5665,train,X,1096,0
296,train,A,622,0
1686,train,A,156,0
3611,train,A,77,0
7171,train,B,2156,0
4732,train,F,154,0
5562,train,A,57,0
7158,train,A,468,0
143,train,A,265,0
2084,train,A,969,0
4227,train,A,160,0
323,train,A,301,0
7408,train,A,67,0
3457,train,A,603,0
2130,train,A,841,0
6309,train,A,440,0
6502,train,A,43,0
4155,train,A,127,0
79,train,A,117,0
3127,train,A,300,0
6253,train,A,250,0
6047,train,A,70,0
2559,train,A,77,0
3495,train,A,939,0
3672,train,A,336,0
4422,train,A,245,0
543,train,A,160,0
5437,train,A,47,0
4905,train,C,814,0
315,train,A,176,0
6554,train,A,71,0
5862,train,A,805,0
1069,train,A,128,0
4833,train,C,648,0
5801,train,A,16,0
710,train,A,781,0
2135,train,A,898,0
6440,train,A,250,0
1009,train,A,699,0
6026,train,C,416,0
2913,train,A,93,0
7089,train,A,43,0
5288,train,A,22,0
3102,train,A,265,0
6732,train,A,160,0
1292,train,A,85,0
1221,train,A,265,0
5955,train,A,496,0
1799,train,A,16,0
1422,train,A,265,0
3726,train,C,25,0
5094,train,A,818,0
775,train,A,117,0
2112,train,A,969,0
613,train,A,818,0
4944,train,A,160,0
3355,train,A,37,0
6187,train,A,128,0
6279,train,B,307,0
1016,train,A,22,0
4232,train,A,187,0
2866,train,A,176,0
7018,train,B,170,0
4192,train,A,83,0
2917,train,A,238,0
1543,train,A,160,0
6722,train,A,284,0
1816,train,A,117,0
2925,train,A,421,0
1209,train,A,183,0
5608,train,A,312,0
3706,train,A,775,0
3901,train,A,136,0
138,train,A,85,0
3378,train,A,166,0
3418,train,A,311,0
1929,train,A,300,0
5592,train,A,63,0
1224,train,A,16,0
2772,train,A,527,0
5009,train,C,596,0
1658,train,A,44,0
993,train,A,265,0
436,train,A,22,0
3993,train,A,818,0
6328,train,A,47,0
583,train,A,203,0
6659,train,A,445,0
5987,train,A,781,0
6764,train,A,22,0
2545,train,A,224,0
6135,train,A,16,0
719,train,A,950,0
4731,train,F,83,0
3573,train,A,204,0
6163,train,A,148,0
2073,train,A,828,0
6043,train,C,436,0
340,train,A,16,0
2956,train,A,939,0
4098,train,B,455,0
1668,train,A,22,0
3968,train,A,98,0
6503,train,A,62,0
4587,train,C,425,0
4264,train,A,104,0
5227,train,A,560,0
1989,train,A,56,0
4062,train,A,277,0
1945,train,A,160,0
1189,train,A,157,0
453,train,A,128,0
6379,train,A,22,0
3568,train,A,56,0
3431,train,A,506,0
3403,train,A,497,0
74,train,A,16,0
729,train,A,160,0
4644,train,B,290,0
4623,train,A,220,0
451,train,A,85,0
3126,train,A,265,0
1000,train,A,199,0
3476,train,A,775,0
1447,train,A,300,0
6544,train,A,148,0
6277,train,B,274,0
5572,train,B,99,0
5806,train,A,117,0
5375,train,A,117,0
3430,train,A,502,0
6582,train,A,43,0
3981,train,A,77,0
1112,train,A,22,0
1644,train,A,22,0
4913,train,C,255,0
2062,train,A,717,0
2939,train,A,129,0
53,train,A,44,0
2720,train,A,199,0
3459,train,A,725,0
6527,train,A,132,0
2928,train,A,302,0
3199,train,A,818,0
4727,train,A,154,0
4821,train,C,814,0
3445,train,A,633,0
126,train,A,85,0
2577,train,B,237,0
5179,train,A,285,0
1001,train,A,209,0
5373,train,A,44,0
4299,train,A,939,0
4719,train,A,209,0
4090,train,B,49,0
5386,train,A,85,0
2887,train,A,75,0
4599,train,A,135,0
5041,train,B,154,0
115,train,A,117,0
5759,train,A,156,0
3859,train,C,414,0
6649,train,A,223,0
4374,train,A,104,0
3738,train,A,216,0
4681,train,A,171,0
554,train,A,156,0
3919,train,A,171,0
2979,val,A,285,1
6459,val,B,331,1
2265,val,A,354,1
3575,val,A,354,1
2276,val,A,32,1
481,val,A,945,0
5984,val,A,203,0
4504,val,B,267,0
4175,val,A,608,0
5983,val,A,155,0
7127,val,A,22,0
6811,val,A,169,0
2306,val,A,705,0
6830,val,A,136,0
7467,val,A,95,0
3273,val,A,1066,0
6450,val,A,150,0
3070,val,A,540,0
2663,val,A,1077,0
2292,val,A,583,0
7119,val,A,22,0
7000,val,A,95,0
5082,val,A,153,0
5582,val,A,22,0
6991,val,A,56,0
7421,val,E,153,0
3933,val,A,746,0
3516,val,A,1077,0
4273,val,A,1066,0
6990,val,A,22,0
5696,val,A,56,0
4174,val,A,592,0
479,val,A,839,0
3259,val,A,488,0
3800,val,A,171,0
3049,test,A,148,1
5021,test,A,43,1
5930,test,B,803,1
3059,test,A,148,1
4537,test,A,147,1
879,test,A,38,0
745,test,A,134,0
915,test,A,198,0
2371,test,A,276,0
3043,test,A,44,0
6294,test,A,22,0
2608,test,B,392,0
3063,test,A,44,0
5332,test,A,216,0
5934,test,B,945,0
932,test,A,296,0
1336,test,A,246,0
870,test,A,44,0
4337,test,B,68,0
6988,test,C,282,0
7048,test,B,262,0
908,test,A,198,0
2033,test,A,703,0
5850,test,A,234,0
2851,test,A,53,0
853,test,A,163,0
5527,test,A,77,0
2047,test,D,651,0
2430,test,A,16,0
4426,test,A,1116,0
2055,test,D,1021,0
5852,test,A,418,0
5507,test,A,99,0
2360,test,A,147,0
4415,test,B,335,0
